{
  "before_retrieval_rewrite": {
    "precision_at_5": 0.7003401360544216,
    "evidence_recall_at_3": 0.87,
    "evidence_recall_at_10": 0.87,
    "per_query_coverage_at_3": 0.8826530612244898,
    "per_query_coverage_at_10": 0.8826530612244898,
    "full_coverage_rate_at_3": 0.8775510204081632,
    "full_coverage_rate_at_10": 0.8775510204081632,
    "mean_average_precision": 0.8146258503401361,
    "mean_reciprocal_rank": 0.8197278911564627,
    "hit_rate_at_10": 0.8877551020408163
  },
  "after_retrieval_rewrite_no_rerank": {
    "precision_at_5": 0.7141156462585031,
    "evidence_recall_at_3": 0.88,
    "evidence_recall_at_10": 0.88,
    "per_query_coverage_at_3": 0.8928571428571429,
    "per_query_coverage_at_10": 0.8928571428571429,
    "full_coverage_rate_at_3": 0.8877551020408163,
    "full_coverage_rate_at_10": 0.8877551020408163,
    "mean_average_precision": 0.8384353741496597,
    "mean_reciprocal_rank": 0.8435374149659863,
    "hit_rate_at_10": 0.8979591836734694
  },
  "after_retrieval_rewrite_with_rerank": {
    "precision_at_5": 0.7304,
    "evidence_recall_at_3": 0.87,
    "evidence_recall_at_10": 0.88,
    "per_query_coverage_at_3": 0.8827,
    "per_query_coverage_at_10": 0.8929,
    "full_coverage_rate_at_3": 0.8776,
    "full_coverage_rate_at_10": 0.8878,
    "mean_average_precision": 0.8665,
    "mean_reciprocal_rank": 0.8716,
    "hit_rate_at_10": 0.8980
  },
  "after_retrieval_rewrite_with_rerank_threshold_0_50": {
    "precision_at_5": 0.7522,
    "evidence_recall_at_3": 0.93,
    "evidence_recall_at_10": 0.95,
    "per_query_coverage_at_3": 0.9388,
    "per_query_coverage_at_10": 0.9592,
    "full_coverage_rate_at_3": 0.9286,
    "full_coverage_rate_at_10": 0.9490,
    "mean_average_precision": 0.9099,
    "mean_reciprocal_rank": 0.9201,
    "hit_rate_at_10": 0.9694
  }
}
