{
    "total_samples": 98,
    "exact_match": 0.0,
    "contain_match": 0.5204081632653061,
    "f1_score": 0.12229460546585565,
    "faithfulness": 0.9057653797449714,
    "context_recall": 0.8460884353741496,
    "answer_similarity": 0.5228664856126707
}